{
  "problems": [
    {
      "problem_index": 1,
      "alternatives_matrix": [
        [
          0.5118216247002567,
          0.9504636963259353,
          0.14415961271963373,
          0.9486494471372439,
          0.31183145201048545,
          0.42332644897257565,
          0.8277025938204418
        ],
        [
          0.4091991363691613,
          0.5495936876730595,
          0.027559113243068367,
          0.7535131086748066,
          0.5381433132192782,
          0.32973171649909216,
          0.7884287034284043
        ],
        [
          0.303194829291645,
          0.4534978894806515,
          0.13404169724716475,
          0.40311298644712923,
          0.20345524067614962,
          0.2623133404418495,
          0.7503646726300526
        ],
        [
          0.2804087579860399,
          0.48519097443163506,
          0.9807371998012386,
          0.9616571936637868,
          0.7247899407735336,
          0.5412268555474342,
          0.2768912040453708
        ],
        [
          0.16065200877512686,
          0.9699254132161326,
          0.5160685855478787,
          0.11586561247077032,
          0.6234897555375004,
          0.776683114342298,
          0.6130033010530405
        ],
        [
          0.9172977047909027,
          0.03959287666420286,
          0.5285892632600216,
          0.4593358828854037,
          0.0623495791498756,
          0.641328169139375,
          0.8526328384806567
        ],
        [
          0.592941018104284,
          0.2600974477372232,
          0.8398815210314088,
          0.5094958815215094,
          0.510888884466533,
          0.7530302077021779,
          0.14792203578495655
        ],
        [
          0.819626719119277,
          0.6832869060032571,
          0.787096941554801,
          0.19161625902013524,
          0.80236416113453,
          0.19132392605720028,
          0.08155261736351271
        ],
        [
          0.8552269742870702,
          0.8612834961776684,
          0.8765370964165805,
          0.4719097193587902,
          0.2740483886137183,
          0.007091828603166261,
          0.6457208955749478
        ],
        [
          0.719909383508693,
          0.8355692165002742,
          0.28187782736454214,
          0.2152181671629736,
          0.6393313800665879,
          0.8050548331450097,
          0.9636708728449709
        ]
      ],
      "target_weights": [
        0.07026772700258273,
        0.04459769928149396,
        0.19561271045627607,
        0.27916100038849584,
        0.03576422719497799,
        0.0187209603968836,
        0.35587567527928965
      ],
      "queries": [
        {
          "goal_index_a": 4,
          "goal_index_b": 5,
          "value": 2.602014339980488
        },
        {
          "goal_index_a": 2,
          "goal_index_b": 0,
          "value": 21.784456883943026
        }
      ]
    }
  ]
}